events,contract_address
37290,0x2f05e799c61b600c65238a9df060caba63db8e78
1099,0x54b743d6055e3bbbf13eb2c748a3783516156e5b
789,0xb606d0a6f114c866fbab0c4f7c492e4e180500c7
431,0xdbfeaae58b6da8901a8a40ba0712beb2ee18368e
386,0x9623bf820a0b9db26aff216fcfbc119c92d3cd96
165,0xc5607dba4d1ccef78d542af99b32ee032ffcf729
153,0x31b665daac80752b6089329d14a55a02bdf7faed
83,0x322aa46a3ab059586c38796dda266a6a6f39fa4d
74,0x69712823736db25915fe84043efb0e9dfee17853
68,0x9bc098006e30861a80dcb11877dda0fbc657f34f
64,0x0e55e1913c50e015e0f60386ff56a4bfb00d7110
53,0x8d82201df38400c68e995ab1fa36846983e3ef11